{"finality_rate": 50.0, "avg_latency_ms": 15900.039513905844, "control_bytes": 1756645, "data_bytes": 541434, "avg_buffer_size": 29.333333333333332, "total_tx": 6, "successful_tx": 3, "successful_transaction_ids": ["68013dc7-3ad9-4765-b468-617cb445203a", "c1d79770-2c49-4799-8eeb-8ab9eb347b38", "f6095f11-5aa7-4d16-b207-c39716415b7d"], "raw_successful_events": 3, "network_mode": "oppnet", "wireless_interface": "mesh_80211s", "routing": "epidemic", "policy_file": ""}