{"finality_rate": 83.33333333333334, "avg_latency_ms": 12947.194139162699, "control_bytes": 2806686, "data_bytes": 619867, "avg_buffer_size": 22.666666666666668, "total_tx": 6, "successful_tx": 5, "successful_transaction_ids": ["25ad6ac6-2494-4096-861e-7fc15c62db14", "28259fc4-c391-4e65-a44e-b2e53cf5b61d", "351a0ccd-fd86-4411-93cb-fe5b03f6c409", "650c0581-0f2e-4e9d-b26b-b96414b71faf", "cd623336-3b9e-4a84-9f0d-ca085826c3b3"], "raw_successful_events": 5, "network_mode": "oppnet", "wireless_interface": "mesh_80211s", "routing": "sdn_dtn", "policy_file": ""}